id,first_name,area,email,gender,cart,amount shopped
1,Hewitt,Dameisele,hdameisele0@php.net,Male,65,$960.48
2,Orsola,McDowall,omcdowall1@businessinsider.com,Female,42,$558.36
3,Athena,Connochie,aconnochie2@weebly.com,Non-binary,11,$173.06
4,Clayton,Hatliff,chatliff3@ning.com,Male,55,$743.98
5,Melita,McMyler,mmcmyler4@census.gov,Female,96,$914.60
6,Elnar,Cobleigh,ecobleigh5@answers.com,Male,100,$914.61
7,Stanleigh,Dursley,sdursley6@webs.com,Male,94,$933.48
8,Tove,Zannotti,tzannotti7@last.fm,Genderfluid,51,$560.22
9,Kara-lynn,Braime,kbraime8@vkontakte.ru,Female,96,$681.59
10,Randal,Grimm,rgrimm9@arizona.edu,Male,88,$275.44
11,Caryl,Ebsworth,cebswortha@gmpg.org,Male,29,$119.02
12,Farrel,Tumasian,ftumasianb@ihg.com,Male,81,$160.28
13,Nial,Cicconettii,ncicconettiic@meetup.com,Male,87,$316.34
14,Bambi,Willoughley,bwilloughleyd@indiegogo.com,Bigender,39,$797.16
15,Leia,McGurgan,lmcgurgane@google.co.uk,Female,27,$361.13
16,Minny,Rasor,mrasorf@sciencedirect.com,Female,7,$717.04
17,Deerdre,Tevlin,dtevling@instagram.com,Female,9,$84.89
18,Arlyne,Boucher,aboucherh@phoca.cz,Female,96,$309.08
19,Dukey,Simmell,dsimmelli@vkontakte.ru,Male,42,$411.61
20,Latrina,Tilliard,ltilliardj@ning.com,Female,15,$831.23
21,Buckie,Tretter,btretterk@people.com.cn,Male,82,$295.97
22,Kerby,Dashkovich,kdashkovichl@cnbc.com,Male,65,$822.37
23,Park,Battams,pbattamsm@nationalgeographic.com,Male,31,$851.86
24,Imogen,Bleby,iblebyn@mashable.com,Female,73,$460.44
25,Nonie,Sines,nsineso@indiatimes.com,Female,14,$156.78
26,Katrine,Rengger,krenggerp@weibo.com,Female,73,$931.52
27,Cindelyn,Martland,cmartlandq@arstechnica.com,Female,13,$959.81
28,Rosmunda,Mathivet,rmathivetr@eventbrite.com,Female,78,$997.51
29,Essy,Sweynson,esweynsons@soundcloud.com,Female,35,$650.22
30,Dinny,Sheere,dsheeret@stanford.edu,Female,41,$568.23
31,Briny,Vaulkhard,bvaulkhardu@nbcnews.com,Female,96,$829.17
32,Zahara,Eim,zeimv@businessweek.com,Female,95,$343.87
33,Ariel,Redhead,aredheadw@kickstarter.com,Female,35,$881.76
34,Jory,Cheeke,jcheekex@jimdo.com,Male,49,$205.60
35,Rem,O'Corrigane,rocorriganey@nasa.gov,Male,18,$189.35
36,Donni,Bleacher,dbleacherz@google.co.uk,Female,36,$437.38
37,Alane,Olerenshaw,aolerenshaw10@wordpress.com,Female,83,$980.96
38,Claudine,Hof,chof11@yelp.com,Female,65,$118.94
39,D'arcy,Fettiplace,dfettiplace12@aboutads.info,Male,49,$271.56
40,Joella,Gaitley,jgaitley13@archive.org,Female,80,$371.87
41,Tommie,Alphege,talphege14@bing.com,Male,95,$679.03
42,Viva,Haseldine,vhaseldine15@si.edu,Female,28,$136.14
43,Giselle,Walbrook,gwalbrook16@skype.com,Female,73,$720.53
44,Charlot,Bedboro,cbedboro17@creativecommons.org,Genderqueer,65,$956.17
45,Ervin,Tebboth,etebboth18@yale.edu,Male,6,$567.24
46,Miof mela,Banasiak,mbanasiak19@symantec.com,Female,98,$404.64
47,Elihu,Keilty,ekeilty1a@ifeng.com,Male,32,$989.03
48,Sue,Burnage,sburnage1b@census.gov,Female,20,$306.25
49,Leonidas,Haselden,lhaselden1c@uiuc.edu,Male,40,$727.13
50,Sammy,Kermit,skermit1d@google.com.br,Male,60,$411.36
51,Alvis,Urquhart,aurquhart1e@sourceforge.net,Male,55,$864.65
52,Ardelis,Yakobovicz,ayakobovicz1f@imdb.com,Female,23,$699.74
53,Edithe,Boyall,eboyall1g@walmart.com,Female,13,$447.23
54,Mal,Weinberg,mweinberg1h@themeforest.net,Male,88,$747.04
55,Court,Cristol,ccristol1i@pen.io,Male,16,$807.78
56,Weber,Swindles,wswindles1j@accuweather.com,Male,1,$982.16
57,Trina,Gringley,tgringley1k@dailymail.co.uk,Female,91,$565.37
58,Carola,Teaz,cteaz1l@twitter.com,Female,53,$2.48
59,Maurizio,Sarle,msarle1m@gnu.org,Male,74,$0.46
60,Felita,Barnsley,fbarnsley1n@jugem.jp,Female,21,$57.89
61,Emanuel,Misselbrook,emisselbrook1o@flavors.me,Male,49,$369.61
62,Noell,Boath,nboath1p@joomla.org,Female,59,$219.43
63,Reginald,Fillis,rfillis1q@bloomberg.com,Male,36,$306.89
64,Sabrina,Poulston,spoulston1r@jiathis.com,Female,28,$937.60
65,Eberhard,Whittuck,ewhittuck1s@washingtonpost.com,Male,50,$922.69
66,Virgie,Brooksbank,vbrooksbank1t@163.com,Male,61,$859.79
67,Byrann,Shortall,bshortall1u@ca.gov,Male,41,$851.59
68,Lainey,Greenig,lgreenig1v@privacy.gov.au,Female,55,$630.63
69,Addia,Busher,abusher1w@mozilla.org,Female,17,$703.57
70,Kerrill,Boraston,kboraston1x@sbwire.com,Bigender,53,$583.20
71,Sonni,Kirwood,skirwood1y@tinyurl.com,Female,29,$216.05
72,Lisha,Farries,lfarries1z@newyorker.com,Female,55,$11.79
73,Bette-ann,Buckwell,bbuckwell20@hud.gov,Female,28,$244.95
74,Lexie,Storton,lstorton21@thetimes.co.uk,Female,13,$474.49
75,Clare,Reyner,creyner22@si.edu,Bigender,3,$650.10
76,Valerye,Schuler,vschuler23@networkadvertising.org,Female,95,$371.52
77,Roselin,Hatchell,rhatchell24@printfriendly.com,Female,49,$980.63
78,Cynthea,Ferguson,cferguson25@dyndns.org,Genderfluid,89,$154.54
79,Willamina,Giraudot,wgiraudot26@mail.ru,Female,15,$298.39
80,Glenda,Aven,gaven27@google.cn,Female,59,$878.01
81,Marlo,Meijer,mmeijer28@time.com,Male,58,$301.29
82,Dannel,Boldison,dboldison29@netlog.com,Genderfluid,13,$917.90
83,Gerri,Petroff,gpetroff2a@sbwire.com,Female,43,$188.00
84,Romain,Janaway,rjanaway2b@mapquest.com,Agender,86,$46.62
85,Darb,Dawes,ddawes2c@nba.com,Male,97,$310.28
86,Aubree,Lethley,alethley2d@webnode.com,Female,78,$995.66
87,Theo,Healks,thealks2e@imdb.com,Male,31,$358.96
88,Rees,Arrington,rarrington2f@europa.eu,Male,72,$881.58
89,Paxton,Wrennall,pwrennall2g@dailymotion.com,Male,56,$985.19
90,Maje,Berkery,mberkery2h@livejournal.com,Male,34,$342.15
91,Tansy,Vellden,tvellden2i@tmall.com,Female,10,$117.07
92,Marijn,Ropcke,mropcke2j@mediafire.com,Male,62,$549.38
93,Federico,Maddocks,fmaddocks2k@reverbnation.com,Genderfluid,11,$198.74
94,Renata,Deeson,rdeeson2l@e-recht24.de,Female,35,$242.78
95,Klarrisa,Sybry,ksybry2m@vimeo.com,Female,20,$188.63
96,Devland,Lorraway,dlorraway2n@odnoklassniki.ru,Male,54,$93.17
97,Niki,Jansa,njansa2o@apple.com,Male,35,$689.81
98,Obediah,Pirazzi,opirazzi2p@wikipedia.org,Male,6,$870.96
99,Hugh,Patemore,hpatemore2q@bbc.co.uk,Male,45,$713.96
100,Isac,Mendus,imendus2r@homestead.com,Male,1,$873.75
101,Harriet,Rushby,hrushby2s@homestead.com,Female,12,$515.99
102,Phedra,Pifford,ppifford2t@bandcamp.com,Female,71,$43.96
103,Perl,De Vries,pdevries2u@census.gov,Female,25,$245.38
104,Harp,Orritt,horritt2v@telegraph.co.uk,Male,22,$16.74
105,Jules,Bliben,jbliben2w@hubpages.com,Male,12,$177.71
106,Maxine,Deniske,mdeniske2x@google.pl,Female,25,$925.99
107,Jolyn,Aphale,japhale2y@yolasite.com,Bigender,53,$793.23
108,Andie,Howden,ahowden2z@economist.com,Female,46,$105.47
109,Royce,Janovsky,rjanovsky30@cornell.edu,Male,63,$302.53
110,Gilberta,Blonden,gblonden31@cbslocal.com,Female,83,$391.86
111,Gorden,Hillborne,ghillborne32@aboutads.info,Male,36,$40.28
112,Georgeta,Airs,gairs33@cdbaby.com,Female,18,$49.59
113,Germaine,Brunesco,gbrunesco34@whitehouse.gov,Female,97,$495.08
114,Jelene,Lingley,jlingley35@arizona.edu,Female,100,$153.38
115,Shaylynn,Songhurst,ssonghurst36@utexas.edu,Female,90,$178.29
116,Cindee,O'Driscole,codriscole37@rediff.com,Female,100,$503.88
117,Herc,Oda,hoda38@google.cn,Male,3,$40.20
118,Melicent,Fetteplace,mfetteplace39@wikimedia.org,Female,61,$514.44
119,Tully,Fancourt,tfancourt3a@ibm.com,Male,51,$190.38
120,Antone,Brugden,abrugden3b@tripadvisor.com,Male,20,$16.85
121,Judon,Mellsop,jmellsop3c@cnn.com,Male,81,$394.13
122,Paddy,By,pby3d@skype.com,Male,83,$308.58
123,Norbert,MacTerlagh,nmacterlagh3e@ow.ly,Male,97,$412.63
124,Boycey,Wellbelove,bwellbelove3f@skype.com,Male,52,$909.58
125,Merlina,Eick,meick3g@php.net,Female,87,$193.03
126,Byrom,Ashelford,bashelford3h@etsy.com,Male,8,$84.78
127,Evelyn,Olenchikov,eolenchikov3i@psu.edu,Male,46,$637.28
128,Cris,Turneux,cturneux3j@liveinternet.ru,Male,32,$315.90
129,Sarita,Egiloff,segiloff3k@unesco.org,Female,42,$783.07
130,Colly,Brookhouse,cbrookhouse3l@photobucket.com,Female,18,$75.41
131,Jay,Mariel,jmariel3m@icio.us,Male,100,$485.79
132,Earle,Schukraft,eschukraft3n@bluehost.com,Male,23,$935.53
133,Corby,Clougher,cclougher3o@devhub.com,Male,58,$118.68
134,Tiler,McGibbon,tmcgibbon3p@shutterfly.com,Male,78,$828.93
135,Freddi,Riccardelli,friccardelli3q@php.net,Female,74,$538.68
136,Zelma,Langelay,zlangelay3r@blogtalkradio.com,Female,3,$265.88
137,Hewitt,Malden,hmalden3s@reference.com,Male,62,$671.63
138,Orsola,Bushill,obushill3t@unicef.org,Female,90,$3.65
139,Carie,MacGovern,cmacgovern3u@cbsnews.com,Female,11,$50.41
140,Gwenore,Prati,gprati3v@cbslocal.com,Female,91,$570.44
141,Barbie,Ramos,bramos3w@pcworld.com,Female,86,$166.77
142,Isiahi,Poundsford,ipoundsford3x@uol.com.br,Male,47,$234.69
143,Randee,Josowitz,rjosowitz3y@plala.or.jp,Female,62,$851.59
144,Jewel,Hanaby,jhanaby3z@slideshare.net,Agender,13,$542.48
145,Vladamir,Casali,vcasali40@netlog.com,Male,43,$403.47
146,Faina,Nowak,fnowak41@google.ca,Female,39,$48.84
147,Robyn,Swainsbury,rswainsbury42@indiatimes.com,Female,48,$267.23
148,Heywood,Mapplethorpe,hmapplethorpe43@gizmodo.com,Male,65,$237.20
149,Elysha,Klosges,eklosges44@amazon.de,Female,95,$514.74
150,Freddy,Felgat,ffelgat45@wufoo.com,Male,87,$704.08
151,Chrissie,Benes,cbenes46@nymag.com,Male,35,$62.01
152,Justen,Leneham,jleneham47@ezinearticles.com,Male,38,$169.48
153,Ava,Oakeby,aoakeby48@sohu.com,Female,61,$850.02
154,Shelley,Corhard,scorhard49@so-net.ne.jp,Male,55,$909.57
155,Tisha,Lassey,tlassey4a@chronoengine.com,Female,33,$100.67
156,Feliza,Gitting,fgitting4b@tmall.com,Female,26,$593.83
157,Lauri,Dawe,ldawe4c@weebly.com,Female,40,$469.27
158,Danielle,Manuele,dmanuele4d@washington.edu,Female,84,$957.22
159,Ardisj,Greenacre,agreenacre4e@bizjournals.com,Female,26,$640.95
160,Alexi,Bourke,abourke4f@ask.com,Female,48,$411.95
161,Tatiana,Thebes,tthebes4g@boston.com,Non-binary,42,$574.40
162,Kimbra,Skypp,kskypp4h@edublogs.org,Female,35,$861.07
163,Lonnard,Blundon,lblundon4i@comsenz.com,Male,39,$32.23
164,Blayne,Doxey,bdoxey4j@qq.com,Male,46,$760.83
165,Seward,Offer,soffer4k@nbcnews.com,Male,22,$480.75
166,Emory,Tappor,etappor4l@stumbleupon.com,Male,93,$27.10
167,Candace,Rahlof,crahlof4m@buzzfeed.com,Bigender,34,$954.78
168,Ingemar,Stollwerk,istollwerk4n@facebook.com,Male,79,$55.67
169,Agata,Cymper,acymper4o@rakuten.co.jp,Female,63,$158.81
170,Garvy,Sutliff,gsutliff4p@icq.com,Genderfluid,75,$524.42
171,Anatole,Haydon,ahaydon4q@mozilla.com,Male,94,$167.48
172,Oona,Punton,opunton4r@indiatimes.com,Agender,51,$872.40
173,Flory,Pes,fpes4s@telegraph.co.uk,Male,82,$595.35
174,Othello,Knewstubb,oknewstubb4t@independent.co.uk,Male,73,$94.82
175,Luz,Merryfield,lmerryfield4u@dell.com,Female,20,$382.74
176,Nicolas,McCome,nmccome4v@plala.or.jp,Male,13,$732.70
177,Blaire,Alibone,balibone4w@columbia.edu,Female,51,$946.18
178,Gabriela,Cronin,gcronin4x@oaic.gov.au,Female,99,$571.31
179,Bartholomew,Bastick,bbastick4y@360.cn,Bigender,62,$629.42
180,Hayden,Fowden,hfowden4z@imgur.com,Male,49,$714.57
181,Mace,Liversage,mliversage50@earthlink.net,Male,61,$704.01
182,Matthaeus,Le Breton De La Vieuville,mlebretondelavieuville51@miibeian.gov.cn,Male,22,$360.19
183,Belle,Kaliszewski,bkaliszewski52@cnn.com,Female,29,$693.69
184,Mayer,Olek,molek53@ovh.net,Genderqueer,1,$537.20
185,Barbabra,Pietrzyk,bpietrzyk54@mozilla.com,Female,81,$938.48
186,Jayme,Golda,jgolda55@webs.com,Male,87,$109.28
187,Konrad,Dibling,kdibling56@smugmug.com,Male,57,$819.70
188,Glenden,Mullaly,gmullaly57@geocities.jp,Male,74,$134.22
189,Cly,Marzellano,cmarzellano58@auda.org.au,Male,85,$351.94
190,Cale,Lascell,clascell59@bizjournals.com,Male,72,$894.31
191,Theresa,Beavis,tbeavis5a@tmall.com,Female,17,$458.54
192,Daile,Frede,dfrede5b@tripod.com,Female,76,$368.00
193,Travus,Heathcott,theathcott5c@mtv.com,Male,93,$498.44
194,Auguste,Brasier,abrasier5d@arizona.edu,Female,50,$453.88
195,Elvira,Deporte,edeporte5e@alexa.com,Female,47,$411.33
196,Hildy,Crossgrove,hcrossgrove5f@mozilla.org,Female,54,$173.24
197,Binny,Iorizzo,biorizzo5g@networksolutions.com,Female,66,$715.58
198,Ollie,Drable,odrable5h@icq.com,Female,53,$356.55
199,Deanne,Ebdon,debdon5i@uiuc.edu,Bigender,47,$825.91
200,Gabriella,Knobell,gknobell5j@wisc.edu,Female,4,$505.98
201,Barton,Rosenblatt,brosenblatt5k@mediafire.com,Male,69,$192.53
202,Boigie,Tertre,btertre5l@state.gov,Male,23,$207.46
203,Joane,Capron,jcapron5m@infoseek.co.jp,Polygender,61,$792.84
204,Jeniece,Gon,jgon5n@facebook.com,Female,23,$147.46
205,Merissa,Swadling,mswadling5o@deliciousdays.com,Female,48,$697.50
206,Pate,Jordine,pjordine5p@wordpress.com,Male,16,$366.68
207,Ernestine,Anton,eanton5q@symantec.com,Female,27,$281.16
208,Marcos,McDermot,mmcdermot5r@bloomberg.com,Male,26,$257.34
209,Correna,Crone,ccrone5s@dailymotion.com,Female,1,$657.89
210,Loy,Stidston,lstidston5t@addthis.com,Male,29,$412.58
211,Ardella,Eagling,aeagling5u@cnbc.com,Female,4,$28.52
212,Ally,Itzkovwich,aitzkovwich5v@nbcnews.com,Non-binary,11,$949.74
213,Arnaldo,Meir,ameir5w@arizona.edu,Male,87,$679.74
214,Tuck,Beadham,tbeadham5x@admin.ch,Male,71,$9.61
215,Lazaro,Kitteman,lkitteman5y@foxnews.com,Male,14,$114.72
216,Alberta,Scotney,ascotney5z@nationalgeographic.com,Female,77,$136.58
217,Nicola,Gerrell,ngerrell60@goo.ne.jp,Male,96,$931.33
218,Ofella,Morden,omorden61@canalblog.com,Female,63,$743.56
219,Chev,Teece,cteece62@ca.gov,Genderqueer,22,$271.93
220,Nicki,Meegan,nmeegan63@hc360.com,Female,26,$447.90
221,Malanie,Siddon,msiddon64@purevolume.com,Female,54,$543.39
222,Samaria,Dougary,sdougary65@hibu.com,Female,88,$47.19
223,Morton,Drummer,mdrummer66@cpanel.net,Male,18,$459.40
224,Langsdon,Barltrop,lbarltrop67@squarespace.com,Male,41,$63.94
225,Leia,Crooks,lcrooks68@amazonaws.com,Female,3,$695.93
226,Trudy,Ebbetts,tebbetts69@tumblr.com,Female,65,$677.76
227,Allyn,Zanetello,azanetello6a@washingtonpost.com,Agender,18,$301.27
228,Ricky,Latore,rlatore6b@sun.com,Polygender,64,$445.27
229,Karon,Helgass,khelgass6c@rakuten.co.jp,Female,46,$950.69
230,Shermie,Cassely,scassely6d@wp.com,Male,14,$412.75
231,Helge,Romero,hromero6e@godaddy.com,Female,99,$285.76
232,Dionysus,Benzi,dbenzi6f@marriott.com,Male,25,$854.58
233,Colver,McComish,cmccomish6g@reverbnation.com,Male,52,$719.41
234,Ashla,Tripett,atripett6h@ox.ac.uk,Genderqueer,20,$836.03
235,Wallie,Drogan,wdrogan6i@pen.io,Genderfluid,39,$265.13
236,Rochester,Geill,rgeill6j@sogou.com,Male,11,$530.92
237,Sonnnie,Maren,smaren6k@zimbio.com,Female,18,$228.77
238,Raine,Skyrm,rskyrm6l@eepurl.com,Female,33,$67.95
239,Quintin,Krale,qkrale6m@webeden.co.uk,Male,53,$332.43
240,Pearline,Hursey,phursey6n@huffingtonpost.com,Female,73,$714.63
241,Bart,Pischof,bpischof6o@wikia.com,Male,76,$328.77
242,Mal,Spencley,mspencley6p@engadget.com,Male,82,$783.19
243,Chiarra,Shuter,cshuter6q@delicious.com,Female,20,$813.69
244,Andie,Ackeroyd,aackeroyd6r@princeton.edu,Female,7,$223.52
245,Agustin,Witsey,awitsey6s@etsy.com,Male,27,$637.47
246,Odetta,Bayston,obayston6t@blogspot.com,Female,64,$26.06
247,Ermengarde,Worsnup,eworsnup6u@amazon.de,Female,63,$163.85
248,Emanuel,Hadkins,ehadkins6v@archive.org,Male,33,$691.33
249,Mahala,Pengelly,mpengelly6w@theglobeandmail.com,Female,48,$424.72
250,Shayne,Broxis,sbroxis6x@nps.gov,Female,41,$28.42
251,Darci,Kehri,dkehri6y@dmoz.org,Female,94,$371.50
252,Delia,McQuaker,dmcquaker6z@google.com,Female,77,$54.47
253,Beverly,Warcup,bwarcup70@huffingtonpost.com,Female,65,$405.74
254,Francesca,Klagges,fklagges71@lulu.com,Female,17,$969.00
255,Derek,Orable,dorable72@webmd.com,Male,29,$703.63
256,Alphonse,Dunbobbin,adunbobbin73@slideshare.net,Male,84,$3.39
257,Joyous,Edghinn,jedghinn74@zdnet.com,Genderqueer,56,$104.77
258,Eula,Labet,elabet75@amazonaws.com,Female,3,$567.67
259,Hartwell,Botterill,hbotterill76@istockphoto.com,Male,6,$956.79
260,Rodrick,Kollatsch,rkollatsch77@cyberchimps.com,Male,62,$275.13
261,Lyndy,Windas,lwindas78@dedecms.com,Female,29,$822.17
262,Vikky,Faiers,vfaiers79@acquirethisname.com,Female,72,$671.37
263,Forbes,Icom,ficom7a@surveymonkey.com,Male,84,$512.48
264,Uriel,Cockman,ucockman7b@tamu.edu,Male,22,$575.02
265,Marsh,McIllrick,mmcillrick7c@princeton.edu,Male,17,$447.72
266,Geralda,Alliband,galliband7d@booking.com,Female,80,$824.09
267,Jolyn,Scholes,jscholes7e@tiny.cc,Bigender,29,$195.18
268,Margeaux,Bott,mbott7f@foxnews.com,Female,4,$468.05
269,Millie,Hoble,mhoble7g@cloudflare.com,Female,93,$869.52
270,Cathie,Gillet,cgillet7h@slate.com,Female,8,$794.00
271,Datha,Heersema,dheersema7i@unblog.fr,Female,98,$843.43
272,Valina,le Keux,vlekeux7j@hibu.com,Female,10,$52.68
273,Pierette,Janout,pjanout7k@angelfire.com,Female,98,$989.22
274,Karrah,Viger,kviger7l@surveymonkey.com,Female,6,$210.14
275,Taite,Clementi,tclementi7m@sina.com.cn,Male,57,$990.69
276,Glendon,Peaple,gpeaple7n@xrea.com,Male,66,$524.14
277,Demetri,Althrop,dalthrop7o@miibeian.gov.cn,Male,50,$64.02
278,Albrecht,Beccero,abeccero7p@squidoo.com,Male,15,$353.91
279,Laurie,Futty,lfutty7q@washingtonpost.com,Male,43,$253.35
280,Nerita,Choppin,nchoppin7r@boston.com,Female,20,$406.61
281,Yoshiko,Petschelt,ypetschelt7s@shinystat.com,Female,42,$941.29
282,Timothea,Innocenti,tinnocenti7t@ca.gov,Female,25,$910.60
283,Sephira,McGuffog,smcguffog7u@dell.com,Female,92,$167.59
284,Elisa,Wilshin,ewilshin7v@odnoklassniki.ru,Female,55,$291.92
285,Kathryne,Jagielski,kjagielski7w@privacy.gov.au,Female,83,$10.46
286,Nealon,Ollier,nollier7x@wsj.com,Male,10,$837.21
287,Hoebart,Jeens,hjeens7y@loc.gov,Male,92,$770.68
288,Ruddy,Longson,rlongson7z@nih.gov,Male,36,$370.41
289,Selia,Kienlein,skienlein80@jiathis.com,Female,59,$543.58
290,Puff,MacFayden,pmacfayden81@tripod.com,Male,88,$581.97
291,Mischa,Vidgen,mvidgen82@google.fr,Male,30,$667.24
292,Pearline,Woolfall,pwoolfall83@dailymail.co.uk,Female,48,$590.92
293,Alec,Matyukon,amatyukon84@nps.gov,Male,35,$313.91
294,Nance,Cottill,ncottill85@google.cn,Female,84,$915.06
295,Trstram,Hallan,thallan86@slate.com,Male,15,$261.54
296,Gregory,Mathwen,gmathwen87@dailymotion.com,Male,11,$752.85
297,Phineas,D'Aubney,pdaubney88@php.net,Male,21,$248.26
298,Ellie,Raggles,eraggles89@devhub.com,Genderfluid,54,$926.80
299,Frans,Garner,fgarner8a@joomla.org,Male,96,$500.04
300,Mayne,Riddeough,mriddeough8b@samsung.com,Male,78,$41.74
301,Benjamen,Regnard,bregnard8c@sfgate.com,Male,45,$498.02
302,Estevan,Lux,elux8d@phoca.cz,Male,80,$986.40
303,Carla,Mawdsley,cmawdsley8e@alexa.com,Female,36,$543.64
304,Keane,Bunny,kbunny8f@sitemeter.com,Male,40,$878.56
305,Caro,Brightling,cbrightling8g@hao123.com,Female,6,$552.81
306,Sebastian,Palffy,spalffy8h@t-online.de,Male,59,$82.78
307,Emery,Bedder,ebedder8i@businessinsider.com,Male,56,$327.02
308,Daniella,Bumby,dbumby8j@homestead.com,Female,62,$172.97
309,Laetitia,Hoffner,lhoffner8k@jimdo.com,Female,8,$53.44
310,Yulma,Maffucci,ymaffucci8l@mlb.com,Male,78,$840.05
311,Felix,Bolding,fbolding8m@elpais.com,Male,31,$509.60
312,Lauraine,Chiechio,lchiechio8n@a8.net,Female,9,$779.24
313,Carly,Buss,cbuss8o@guardian.co.uk,Male,66,$355.19
314,Ynez,Bamber,ybamber8p@arizona.edu,Female,50,$918.24
315,Georg,Flowerden,gflowerden8q@tuttocitta.it,Male,70,$704.32
316,Davon,Woltering,dwoltering8r@cloudflare.com,Male,92,$944.64
317,Lanna,Dyter,ldyter8s@bluehost.com,Female,78,$577.63
318,Wilone,Hurworth,whurworth8t@furl.net,Female,30,$517.07
319,Darnell,Pointin,dpointin8u@hao123.com,Male,4,$697.67
320,Garwin,Burnapp,gburnapp8v@over-blog.com,Male,44,$556.30
321,Oates,Stranio,ostranio8w@nationalgeographic.com,Non-binary,98,$998.79
322,Dimitri,Hing,dhing8x@mlb.com,Male,58,$708.65
323,Lovell,Labroue,llabroue8y@unblog.fr,Male,65,$505.51
324,Dee,Bailey,dbailey8z@cnet.com,Female,86,$437.53
325,Ursola,Potebury,upotebury90@php.net,Female,51,$279.25
326,Elysha,Dalgliesh,edalgliesh91@seattletimes.com,Female,56,$587.84
327,Ricki,Gideon,rgideon92@spiegel.de,Female,45,$843.28
328,Boothe,Nortunen,bnortunen93@angelfire.com,Male,12,$785.39
329,Wright,Misson,wmisson94@usatoday.com,Male,57,$598.82
330,Griffin,Mossdale,gmossdale95@ameblo.jp,Male,87,$496.49
331,Daisey,Skottle,dskottle96@taobao.com,Female,99,$557.84
332,Silvie,Nunson,snunson97@xrea.com,Female,7,$413.62
333,Wyatt,Synan,wsynan98@vimeo.com,Male,29,$508.27
334,Jamie,Potapczuk,jpotapczuk99@sohu.com,Female,71,$986.78
335,Pen,Plet,pplet9a@wsj.com,Female,10,$629.16
336,Chev,Hyland,chyland9b@w3.org,Male,41,$558.68
337,Nicola,Ibert,nibert9c@wired.com,Male,84,$288.07
338,Gaylor,Indgs,gindgs9d@hugedomains.com,Male,50,$793.50
339,Bird,Gerrey,bgerrey9e@blinklist.com,Agender,63,$45.70
340,Nanine,Crofts,ncrofts9f@addtoany.com,Female,99,$151.67
341,Tracee,Louca,tlouca9g@fc2.com,Female,9,$941.27
342,Robby,Murtimer,rmurtimer9h@reuters.com,Female,42,$830.76
343,Prudence,Volkers,pvolkers9i@theatlantic.com,Female,16,$853.24
344,Oren,Domaschke,odomaschke9j@homestead.com,Male,21,$195.36
345,Simon,Feben,sfeben9k@feedburner.com,Male,16,$729.55
346,Gabrielle,Spragg,gspragg9l@va.gov,Female,81,$916.38
347,Emera,Hubeaux,ehubeaux9m@shareasale.com,Female,2,$156.28
348,Olwen,Ebourne,oebourne9n@clickbank.net,Female,70,$376.15
349,Marta,McCaffrey,mmccaffrey9o@nydailynews.com,Female,28,$748.41
350,Flss,Dobbson,fdobbson9p@123-reg.co.uk,Female,3,$842.82
351,Annecorinne,Stapleford,astapleford9q@rediff.com,Female,56,$778.68
352,Shelley,Turnock,sturnock9r@joomla.org,Male,64,$539.32
353,Anitra,Mougin,amougin9s@google.it,Female,61,$368.21
354,Forster,O' Borne,foborne9t@fema.gov,Male,49,$612.40
355,Ulick,Kunkel,ukunkel9u@t-online.de,Male,47,$226.77
356,Adoree,Anwyl,aanwyl9v@kickstarter.com,Female,95,$256.24
357,Jackie,Spikeings,jspikeings9w@adobe.com,Male,44,$170.74
358,Chic,Crasswell,ccrasswell9x@booking.com,Male,63,$669.13
359,Flint,Keenlayside,fkeenlayside9y@mashable.com,Male,24,$448.89
360,Cami,Van Cassel,cvancassel9z@dailymotion.com,Female,28,$242.58
361,Romain,Qualtro,rqualtroa0@ameblo.jp,Bigender,79,$305.51
362,Carson,Rothon,crothona1@home.pl,Genderqueer,62,$242.76
363,Cornie,Coad,ccoada2@technorati.com,Non-binary,64,$125.67
364,Edvard,McTurk,emcturka3@oracle.com,Male,36,$637.66
365,Reider,Spurgin,rspurgina4@creativecommons.org,Male,22,$959.27
366,Samantha,Bockmaster,sbockmastera5@nymag.com,Female,59,$2.92
367,Hersh,Tanby,htanbya6@marketwatch.com,Male,28,$350.82
368,Violetta,Kellert,vkellerta7@si.edu,Female,39,$662.92
369,Hortensia,Jacqueminot,hjacqueminota8@spotify.com,Female,69,$448.93
370,Vernon,Stoad,vstoada9@amazonaws.com,Male,35,$282.58
371,Torry,Joliffe,tjoliffeaa@cafepress.com,Male,14,$44.75
372,Chlo,Micklewicz,cmicklewiczab@wired.com,Female,65,$57.27
373,Esme,Kornyshev,ekornyshevac@squidoo.com,Female,67,$988.98
374,Lorrin,Kindred,lkindredad@ftc.gov,Female,10,$672.10
375,Hayes,Mouth,hmouthae@ustream.tv,Non-binary,71,$220.56
376,Gilemette,Balmann,gbalmannaf@netlog.com,Female,23,$996.21
377,Corrina,Guillart,cguillartag@columbia.edu,Female,64,$215.77
378,Cosme,Ife,cifeah@cbc.ca,Male,40,$230.98
379,Dalston,Mazzilli,dmazzilliai@globo.com,Male,71,$293.28
380,Lammond,Van den Dael,lvandendaelaj@tinypic.com,Male,47,$133.45
381,Ferris,Skitteral,fskitteralak@salon.com,Male,27,$143.16
382,Percival,Summerlee,psummerleeal@wsj.com,Male,2,$424.09
383,Hyman,Geffinger,hgeffingeram@msu.edu,Male,53,$871.20
384,Moises,Ferrettino,mferrettinoan@ocn.ne.jp,Male,12,$185.81
385,Celine,Matz,cmatzao@youku.com,Female,7,$137.16
386,Brent,Winterbotham,bwinterbothamap@google.com.hk,Male,36,$524.29
387,Roger,Ogg,roggaq@globo.com,Male,96,$103.05
388,Werner,Kornousek,wkornousekar@yellowbook.com,Male,37,$986.10
389,Alick,Laidel,alaidelas@state.tx.us,Male,77,$613.95
390,Betteanne,Vokins,bvokinsat@examiner.com,Female,51,$839.77
391,Michaella,Brandts,mbrandtsau@xinhuanet.com,Female,58,$707.55
392,Torey,Demoge,tdemogeav@wp.com,Female,48,$901.19
393,Emmerich,Hairsnape,ehairsnapeaw@cargocollective.com,Male,97,$405.25
394,Caren,Maddock,cmaddockax@ycombinator.com,Female,90,$129.02
395,Sosanna,Vockins,svockinsay@shareasale.com,Female,79,$445.52
396,Becky,Fonte,bfonteaz@craigslist.org,Female,26,$922.01
397,Farris,Castard,fcastardb0@opensource.org,Male,42,$47.97
398,Reed,Stell,rstellb1@thetimes.co.uk,Non-binary,48,$935.37
399,Deloris,Grishaev,dgrishaevb2@uiuc.edu,Female,57,$381.29
400,Georas,Etienne,getienneb3@reference.com,Male,28,$635.91
401,Herminia,Bosworth,hbosworthb4@discuz.net,Female,84,$753.47
402,Jeane,Dixie,jdixieb5@meetup.com,Female,14,$398.75
403,Vick,Kydd,vkyddb6@nps.gov,Male,29,$296.62
404,Thedrick,Piscopiello,tpiscopiellob7@cargocollective.com,Male,9,$350.88
405,Maiga,Bonwell,mbonwellb8@statcounter.com,Agender,86,$304.87
406,Lanae,Lokier,llokierb9@earthlink.net,Female,75,$344.20
407,Loutitia,Bernardez,lbernardezba@mozilla.com,Female,93,$964.88
408,Hedda,Wynn,hwynnbb@comcast.net,Female,90,$219.92
409,Kaja,Vanni,kvannibc@purevolume.com,Female,94,$751.74
410,Malcolm,Townrow,mtownrowbd@plala.or.jp,Male,76,$884.74
411,Myra,Creagh,mcreaghbe@zdnet.com,Female,33,$801.10
412,Ruperta,Ganniclifft,rganniclifftbf@jigsy.com,Female,22,$779.11
413,Fairfax,Shuttleworth,fshuttleworthbg@usa.gov,Male,17,$517.09
414,Nisse,Bilam,nbilambh@about.com,Female,51,$193.53
415,Kinny,Edensor,kedensorbi@nifty.com,Male,62,$800.07
416,Codee,Wyborn,cwybornbj@slate.com,Female,76,$550.66
417,Boigie,Buggs,bbuggsbk@nba.com,Male,69,$809.30
418,Gill,Rouby,groubybl@baidu.com,Male,20,$550.56
419,Xylia,Breazeall,xbreazeallbm@globo.com,Female,31,$968.46
420,Archy,Walshe,awalshebn@prweb.com,Male,81,$508.19
421,Flor,Asker,faskerbo@technorati.com,Female,34,$381.85
422,Thomasina,Murdoch,tmurdochbp@newyorker.com,Female,76,$531.67
423,Zia,Ghiron,zghironbq@fema.gov,Polygender,76,$493.33
424,Loretta,Jadczak,ljadczakbr@taobao.com,Female,4,$121.20
425,Sal,Waleran,swaleranbs@opensource.org,Female,2,$722.43
426,Vernen,Trusslove,vtrusslovebt@lycos.com,Genderfluid,83,$518.72
427,Liz,Fernao,lfernaobu@nationalgeographic.com,Female,64,$92.10
428,Joe,Eddington,jeddingtonbv@constantcontact.com,Male,71,$855.56
429,Dal,Collar,dcollarbw@sogou.com,Male,5,$627.48
430,Tull,Tomalin,ttomalinbx@vkontakte.ru,Male,13,$161.73
431,Adi,Saddington,asaddingtonby@sohu.com,Female,18,$292.56
432,Jody,Henrys,jhenrysbz@state.tx.us,Male,92,$976.39
433,Rubina,Leslie,rlesliec0@wiley.com,Bigender,42,$523.23
434,Roseann,Leaning,rleaningc1@privacy.gov.au,Female,42,$341.03
435,Cora,Beckett,cbeckettc2@discovery.com,Female,34,$71.43
436,Rebeka,Fold,rfoldc3@google.nl,Female,55,$804.93
437,Sheridan,Swainger,sswaingerc4@constantcontact.com,Male,17,$733.26
438,Daron,Allebone,dallebonec5@live.com,Female,29,$740.40
439,Nicole,Drogan,ndroganc6@harvard.edu,Female,86,$844.46
440,Jonah,Simonds,jsimondsc7@addthis.com,Male,95,$451.42
441,Anya,Emlyn,aemlync8@reference.com,Female,3,$625.89
442,Jemie,Benedettini,jbenedettinic9@purevolume.com,Female,66,$207.73
443,Hally,Cleatherow,hcleatherowca@nifty.com,Agender,60,$782.82
444,Jacquelin,Kilborn,jkilborncb@dedecms.com,Female,67,$153.26
445,Tamqrah,Marsters,tmarsterscc@cmu.edu,Female,63,$522.12
446,Emelen,Cast,ecastcd@bing.com,Male,22,$11.38
447,Nicolette,Brave,nbravece@toplist.cz,Female,10,$903.61
448,Rossy,Ahrend,rahrendcf@liveinternet.ru,Bigender,88,$664.93
449,Camila,Breit,cbreitcg@issuu.com,Female,46,$592.01
450,Ludvig,Bruck,lbruckch@dmoz.org,Male,69,$484.98
451,Dalt,Nutt,dnuttci@unc.edu,Male,20,$905.12
452,Whitney,Corhard,wcorhardcj@myspace.com,Male,61,$11.76
453,Maggie,Monini,mmoninick@delicious.com,Female,85,$168.56
454,Torry,Batson,tbatsoncl@toplist.cz,Male,40,$54.23
455,Marijn,Longstaffe,mlongstaffecm@europa.eu,Male,75,$271.07
456,Werner,Kilbee,wkilbeecn@dropbox.com,Genderqueer,24,$698.30
457,Rollin,Regnard,rregnardco@addthis.com,Male,60,$416.54
458,Hedvige,Simonsen,hsimonsencp@theglobeandmail.com,Female,90,$569.76
459,Edy,Ellyatt,eellyattcq@weebly.com,Female,25,$251.48
460,Irwinn,McKeaney,imckeaneycr@tuttocitta.it,Male,53,$479.37
461,Dylan,Hanby,dhanbycs@newsvine.com,Male,94,$629.08
462,Page,Ramel,pramelct@github.com,Male,8,$670.51
463,Karel,Hartzenberg,khartzenbergcu@irs.gov,Female,88,$48.74
464,Edeline,La Batie,elabatiecv@bandcamp.com,Female,23,$797.12
465,Elberta,Carss,ecarsscw@shutterfly.com,Female,22,$841.10
466,Olwen,Zumbusch,ozumbuschcx@php.net,Female,54,$922.90
467,Joel,Fabbri,jfabbricy@people.com.cn,Male,29,$12.21
468,Orland,Sebright,osebrightcz@cargocollective.com,Male,23,$489.65
469,Adel,Kinsett,akinsettd0@yolasite.com,Female,39,$968.53
470,Susi,Battman,sbattmand1@shutterfly.com,Female,25,$891.17
471,Ruggiero,Paish,rpaishd2@archive.org,Male,2,$366.97
472,Costanza,Blaker,cblakerd3@qq.com,Female,19,$450.76
473,Kale,Watmore,kwatmored4@webmd.com,Male,35,$110.34
474,Currey,Deveraux,cdeverauxd5@nasa.gov,Male,11,$729.77
475,Leann,Hansley,lhansleyd6@mozilla.org,Female,17,$590.36
476,Fred,Deverick,fdeverickd7@163.com,Male,50,$693.67
477,Melania,Battin,mbattind8@google.es,Bigender,83,$816.80
478,Lonnie,Tompsett,ltompsettd9@dailymail.co.uk,Male,36,$468.29
479,Hank,Lusgdin,hlusgdinda@istockphoto.com,Male,64,$282.12
480,Charlotta,Churchouse,cchurchousedb@cmu.edu,Female,19,$949.76
481,Georgina,Jiruca,gjirucadc@cisco.com,Female,94,$113.05
482,Kaia,Streather,kstreatherdd@usgs.gov,Non-binary,96,$508.86
483,Lainey,Hulburd,lhulburdde@google.pl,Female,69,$757.51
484,Flore,Tolhurst,ftolhurstdf@nasa.gov,Female,84,$358.30
485,Ameline,Creffeild,acreffeilddg@zdnet.com,Female,68,$135.11
486,Florri,Cluett,fcluettdh@pagesperso-orange.fr,Non-binary,92,$231.39
487,Felicio,Sonnenschein,fsonnenscheindi@ask.com,Male,72,$690.21
488,Fairfax,McCandless,fmccandlessdj@phpbb.com,Male,61,$320.43
489,Cornell,Butlin,cbutlindk@icio.us,Male,96,$533.92
490,Chaim,Burtt,cburttdl@marketwatch.com,Male,6,$580.93
491,Malinda,Noore,mnooredm@mozilla.org,Bigender,62,$77.71
492,Linnet,Lampet,llampetdn@cnet.com,Female,83,$762.62
493,Lev,Hiddersley,lhiddersleydo@paginegialle.it,Male,18,$501.41
494,Doralia,Charlesworth,dcharlesworthdp@alibaba.com,Female,22,$954.65
495,Shurlock,Jefford,sjefforddq@spiegel.de,Male,75,$379.48
496,Corabel,Cassar,ccassardr@multiply.com,Female,38,$166.04
497,Irwin,Moodie,imoodieds@hatena.ne.jp,Bigender,25,$763.37
498,Silvano,Crocker,scrockerdt@nytimes.com,Male,77,$507.55
499,Allie,Jados,ajadosdu@nhs.uk,Female,14,$249.27
500,Maximilianus,Gowanson,mgowansondv@mashable.com,Male,60,$805.89
501,Cordey,Yedall,cyedalldw@sun.com,Female,42,$259.16
502,Les,Summerscales,lsummerscalesdx@fema.gov,Male,29,$821.45
503,Dee,Birkenshaw,dbirkenshawdy@pcworld.com,Bigender,27,$165.20
504,Janaya,Dundredge,jdundredgedz@census.gov,Agender,49,$642.54
505,Carlotta,Cockman,ccockmane0@cnet.com,Female,58,$683.92
506,Gaile,Rocks,grockse1@dot.gov,Polygender,95,$982.51
507,Elaine,Fruish,efruishe2@paypal.com,Female,79,$815.60
508,Constancy,Ida,cidae3@harvard.edu,Female,8,$685.76
509,Brandi,Kembley,bkembleye4@constantcontact.com,Female,34,$993.63
510,Shelden,McLemon,smclemone5@twitpic.com,Male,38,$522.60
511,Meghan,Yakebovich,myakeboviche6@google.com,Female,67,$304.50
512,Zaneta,Collelton,zcolleltone7@cdc.gov,Female,29,$85.74
513,Sheilakathryn,Kellen,skellene8@china.com.cn,Female,94,$869.47
514,Celina,Huebner,chuebnere9@tuttocitta.it,Female,71,$414.20
515,Seumas,Tanby,stanbyea@gizmodo.com,Polygender,3,$93.52
516,Rosina,Hudson,rhudsoneb@booking.com,Bigender,60,$872.06
517,Adham,Starmer,astarmerec@hugedomains.com,Male,69,$238.72
518,Elnore,Viger,evigered@biblegateway.com,Female,73,$406.78
519,Fernande,Judron,fjudronee@alibaba.com,Female,7,$694.25
520,Grantham,Badam,gbadamef@army.mil,Non-binary,21,$385.04
521,Elijah,Attard,eattardeg@free.fr,Genderfluid,27,$17.20
522,Archibaldo,Pierro,apierroeh@comsenz.com,Non-binary,35,$221.91
523,Katusha,Ledgley,kledgleyei@ox.ac.uk,Female,51,$678.88
524,Lois,Hebbard,lhebbardej@twitter.com,Female,30,$909.45
525,Darrick,Pursehouse,dpursehouseek@cocolog-nifty.com,Male,73,$199.80
526,Renae,Weyman,rweymanel@sina.com.cn,Female,41,$491.37
527,Thibaud,Murrthum,tmurrthumem@nhs.uk,Male,35,$498.38
528,Saxon,Beetham,sbeethamen@uiuc.edu,Male,66,$183.66
529,Zacharia,Nazareth,znazaretheo@nytimes.com,Male,7,$7.33
530,Bonita,Tidgewell,btidgewellep@jiathis.com,Female,25,$912.02
531,Maddalena,Abramino,mabraminoeq@tuttocitta.it,Female,9,$333.56
532,Nero,Crudginton,ncrudgintoner@jiathis.com,Male,71,$191.50
533,Tony,Reading,treadinges@t.co,Non-binary,56,$35.51
534,Nerta,Ivanaev,nivanaevet@vimeo.com,Female,38,$293.18
535,Broderick,Pohl,bpohleu@imgur.com,Male,63,$575.66
536,Feodora,Salzberg,fsalzbergev@mac.com,Female,16,$706.65
537,Jolee,Cuddehay,jcuddehayew@booking.com,Female,91,$438.35
538,Chanda,Chitham,cchithamex@sogou.com,Female,19,$443.57
539,Alf,Jardin,ajardiney@wp.com,Male,96,$485.72
540,Stormie,Fairnie,sfairnieez@edublogs.org,Female,65,$124.30
541,Chloris,Rehn,crehnf0@guardian.co.uk,Female,56,$279.16
542,Wadsworth,Spencelayh,wspencelayhf1@marketwatch.com,Male,80,$415.27
543,Giorgi,Querrard,gquerrardf2@google.it,Male,62,$482.12
544,Rafa,Chidgey,rchidgeyf3@europa.eu,Female,3,$902.08
545,Guendolen,Giacomuzzi,ggiacomuzzif4@surveymonkey.com,Female,82,$983.76
546,Brucie,Solomonides,bsolomonidesf5@a8.net,Male,87,$365.27
547,Almire,Serrurier,aserrurierf6@phoca.cz,Female,96,$739.02
548,Brodie,Dungey,bdungeyf7@technorati.com,Male,90,$526.77
549,Ward,Eyree,weyreef8@yellowpages.com,Male,23,$633.16
550,Marillin,Pawellek,mpawellekf9@unblog.fr,Female,98,$11.43
551,Sher,Wason,swasonfa@wired.com,Non-binary,15,$967.52
552,Fawnia,Dohr,fdohrfb@reddit.com,Female,54,$517.75
553,Walther,Samter,wsamterfc@mediafire.com,Male,20,$286.47
554,Carmen,Yurov,cyurovfd@ucoz.com,Female,30,$213.21
555,Scarlet,Girt,sgirtfe@google.com,Female,27,$871.10
556,Clerkclaude,Dunkerly,cdunkerlyff@slashdot.org,Male,47,$871.00
557,Rubie,Tyhurst,rtyhurstfg@dot.gov,Female,27,$708.36
558,Kathy,Pampling,kpamplingfh@live.com,Female,22,$668.90
559,Naomi,Stiffkins,nstiffkinsfi@elpais.com,Female,27,$315.99
560,Cirillo,Healks,chealksfj@skype.com,Male,67,$679.12
561,Renie,Boggis,rboggisfk@tmall.com,Female,23,$864.83
562,Lita,Onslow,lonslowfl@ucsd.edu,Female,4,$840.14
563,Broddy,Bryden,bbrydenfm@symantec.com,Male,28,$411.25
564,Aleen,Puckrin,apuckrinfn@marketwatch.com,Female,4,$943.28
565,Haze,Poxon,hpoxonfo@twitpic.com,Male,18,$122.12
566,Braden,Halfhyde,bhalfhydefp@geocities.com,Male,87,$499.84
567,Silvie,Kyd,skydfq@bizjournals.com,Female,100,$677.82
568,Orella,Gigg,ogiggfr@acquirethisname.com,Female,45,$295.51
569,Regen,O' Faherty,rofahertyfs@addtoany.com,Male,82,$752.77
570,Doroteya,Dedon,ddedonft@businesswire.com,Female,94,$399.51
571,Collen,Bearns,cbearnsfu@ameblo.jp,Female,74,$325.67
572,Marylee,Ramsey,mramseyfv@howstuffworks.com,Female,100,$621.17
573,Elliot,Hawson,ehawsonfw@mozilla.org,Male,63,$58.62
574,Layne,Fumagalli,lfumagallifx@mlb.com,Female,61,$346.39
575,Adelaide,Vaz,avazfy@zimbio.com,Female,16,$2.12
576,Bonni,Parcell,bparcellfz@lycos.com,Female,76,$289.62
577,Lorens,Hick,lhickg0@about.com,Male,11,$667.40
578,Aida,Augustine,aaugustineg1@twitter.com,Female,72,$530.53
579,Grier,Novelli,gnovellig2@icq.com,Female,46,$910.81
580,Oates,Craighill,ocraighillg3@google.cn,Male,25,$974.56
581,Gabbi,Belin,gbeling4@tinyurl.com,Female,20,$109.27
582,Tersina,Skerme,tskermeg5@globo.com,Female,4,$956.70
583,Nina,Rampton,nramptong6@facebook.com,Female,95,$183.16
584,Ben,Boarer,bboarerg7@de.vu,Male,90,$550.57
585,Berton,Qusklay,bqusklayg8@dmoz.org,Male,17,$476.48
586,Lona,Boulger,lboulgerg9@nytimes.com,Female,82,$189.95
587,Gram,Lebond,glebondga@hhs.gov,Male,29,$825.26
588,Therese,Harroll,tharrollgb@theglobeandmail.com,Female,9,$106.88
589,Isidro,Camell,icamellgc@google.ru,Male,53,$182.42
590,Jorry,Losseljong,jlosseljonggd@4shared.com,Female,51,$269.02
591,Burke,Garmey,bgarmeyge@si.edu,Male,65,$991.75
592,Alva,McCosker,amccoskergf@mozilla.com,Male,6,$833.25
593,Crawford,Shurlock,cshurlockgg@weebly.com,Male,41,$94.17
594,Tiffany,Simak,tsimakgh@moonfruit.com,Female,54,$893.30
595,Glennie,Roistone,groistonegi@telegraph.co.uk,Female,19,$135.02
596,Domenico,Sharram,dsharramgj@xinhuanet.com,Male,63,$25.79
597,Bendick,McGlynn,bmcglynngk@smh.com.au,Male,5,$720.55
598,Rance,Brisker,rbriskergl@hatena.ne.jp,Male,70,$587.49
599,Keen,Ainscow,kainscowgm@studiopress.com,Male,20,$955.12
600,Ransom,McCrum,rmccrumgn@goodreads.com,Male,3,$567.06
601,Loreen,Le Claire,lleclairego@friendfeed.com,Female,86,$582.94
602,Helenelizabeth,Juniper,hjunipergp@princeton.edu,Female,7,$359.61
603,Marlow,Jonas,mjonasgq@omniture.com,Male,40,$472.85
604,Maxy,Brandoni,mbrandonigr@yale.edu,Non-binary,91,$473.56
605,Sterling,Waggatt,swaggattgs@businesswire.com,Male,34,$749.86
606,Karen,Skyme,kskymegt@so-net.ne.jp,Female,57,$534.09
607,Crista,Gettone,cgettonegu@skyrock.com,Agender,78,$0.71
608,Bernete,Besantie,bbesantiegv@fda.gov,Female,38,$391.75
609,Martelle,Wayne,mwaynegw@networksolutions.com,Female,85,$298.58
610,Tann,Backhouse,tbackhousegx@sciencedirect.com,Male,88,$922.83
611,Fonsie,Sporner,fspornergy@w3.org,Male,83,$947.29
612,Clemmy,Beaston,cbeastongz@photobucket.com,Genderqueer,42,$480.49
613,Dani,Tring,dtringh0@lulu.com,Male,27,$810.79
614,Rosemaria,Tanslie,rtanslieh1@instagram.com,Female,48,$444.51
615,Kally,Locksley,klocksleyh2@artisteer.com,Female,54,$825.99
616,Artus,Clewarth,aclewarthh3@fastcompany.com,Agender,61,$952.23
617,Colver,Scollard,cscollardh4@edublogs.org,Male,16,$876.77
618,Kane,McGaughie,kmcgaughieh5@shinystat.com,Male,92,$963.00
619,Jesse,Pauler,jpaulerh6@aboutads.info,Polygender,63,$331.51
620,Frants,Rickwood,frickwoodh7@alibaba.com,Male,35,$542.05
621,Winne,Kedwell,wkedwellh8@istockphoto.com,Female,57,$771.77
622,Troy,Draisey,tdraiseyh9@yahoo.co.jp,Male,9,$132.57
623,Halimeda,Ellick,hellickha@nationalgeographic.com,Non-binary,83,$711.20
624,Concettina,Cartmell,ccartmellhb@baidu.com,Polygender,52,$127.52
625,Alasteir,Dyster,adysterhc@github.com,Male,78,$496.33
626,Danya,Churchill,dchurchillhd@netvibes.com,Female,11,$705.89
627,Murielle,Stetlye,mstetlyehe@google.de,Female,31,$907.85
628,Rikki,Mingay,rmingayhf@twitter.com,Male,35,$262.47
629,Charline,Jakuszewski,cjakuszewskihg@ow.ly,Female,65,$196.87
630,Nonnah,Pietruszewicz,npietruszewiczhh@ucla.edu,Female,69,$73.65
631,Winifield,Bollam,wbollamhi@bbb.org,Male,33,$461.64
632,Ariadne,Floch,aflochhj@illinois.edu,Female,35,$546.63
633,Waldemar,Vasquez,wvasquezhk@hatena.ne.jp,Non-binary,39,$153.08
634,Delilah,Fenlon,dfenlonhl@chicagotribune.com,Female,74,$384.16
635,Herbie,Booty,hbootyhm@deviantart.com,Male,20,$33.65
636,Laryssa,Flaverty,lflavertyhn@accuweather.com,Female,98,$665.06
637,Mil,Rosendahl,mrosendahlho@w3.org,Female,60,$194.13
638,Doralynn,Nuzzti,dnuzztihp@walmart.com,Female,72,$283.58
639,Rodrigo,Ainsby,rainsbyhq@auda.org.au,Male,99,$430.87
640,Kennan,Blackboro,kblackborohr@zimbio.com,Genderfluid,14,$846.30
641,Faun,Lukacs,flukacshs@unc.edu,Female,69,$359.39
642,Rheta,Taffie,rtaffieht@icq.com,Female,86,$406.57
643,Des,Rawsthorn,drawsthornhu@ihg.com,Male,40,$421.06
644,Cathlene,O'Howbane,cohowbanehv@cornell.edu,Female,16,$78.34
645,Cleon,Zack,czackhw@economist.com,Male,57,$612.96
646,Teddy,Warriner,twarrinerhx@blogger.com,Male,16,$851.12
647,Bethanne,Krabbe,bkrabbehy@dot.gov,Female,6,$569.15
648,Darb,Drysdall,ddrysdallhz@cbslocal.com,Male,94,$350.24
649,Hestia,Goodale,hgoodalei0@npr.org,Female,41,$340.12
650,Katrina,Rust,krusti1@wordpress.com,Female,74,$112.72
651,Ricki,Ransley,rransleyi2@cdc.gov,Male,76,$72.41
652,Deena,Joynt,djoynti3@example.com,Female,60,$183.90
653,Shanon,Dunrige,sdunrigei4@who.int,Genderqueer,73,$971.75
654,Jessamyn,Simoncello,jsimoncelloi5@vimeo.com,Female,5,$915.77
655,Johnathon,MacColl,jmaccolli6@mozilla.org,Male,60,$478.87
656,Ola,Teal,oteali7@yellowbook.com,Female,17,$677.86
657,Silvio,Foreman,sforemani8@acquirethisname.com,Male,37,$659.44
658,Marge,Carlisso,mcarlissoi9@msn.com,Female,12,$34.29
659,Peria,Jurgen,pjurgenia@github.com,Female,56,$813.81
660,Alphonso,Dalziel,adalzielib@baidu.com,Male,87,$934.94
661,Gustavo,Schanke,gschankeic@salon.com,Male,63,$80.36
662,Karita,Kid,kkidid@pcworld.com,Non-binary,93,$325.38
663,Vernon,Antoniewicz,vantoniewiczie@cdc.gov,Male,3,$836.75
664,Caroljean,Antonomoli,cantonomoliif@netlog.com,Female,90,$758.59
665,Jefferson,Gunbie,jgunbieig@tiny.cc,Male,26,$64.51
666,Gennifer,Darben,gdarbenih@reuters.com,Female,24,$334.58
667,Ekaterina,Joriot,ejoriotii@blinklist.com,Female,19,$602.90
668,Rosemonde,Swetenham,rswetenhamij@scientificamerican.com,Female,5,$805.27
669,Elaina,Renner,erennerik@liveinternet.ru,Female,43,$535.30
670,Sadie,Puddefoot,spuddefootil@cornell.edu,Female,75,$138.64
671,Hobard,Doole,hdooleim@timesonline.co.uk,Male,37,$756.70
672,Norma,Moogan,nmooganin@google.es,Female,42,$1.76
673,Art,Carney,acarneyio@npr.org,Male,71,$830.62
674,Friedrich,Furse,ffurseip@wp.com,Male,94,$958.24
675,Tommie,Umpleby,tumplebyiq@adobe.com,Male,23,$121.30
676,Ina,Hedan,ihedanir@disqus.com,Female,63,$443.46
677,Ariadne,Wisher,awisheris@nsw.gov.au,Female,50,$313.91
678,Bibbye,Budnik,bbudnikit@princeton.edu,Female,96,$344.47
679,Anders,Shackell,ashackelliu@ameblo.jp,Male,45,$326.36
680,Donni,Fereday,dferedayiv@icio.us,Female,94,$313.52
681,Rivi,Gwillim,rgwillimiw@marketwatch.com,Female,98,$536.83
682,Beryle,Stenbridge,bstenbridgeix@ca.gov,Female,25,$352.24
683,Willetta,Deverille,wdeverilleiy@nhs.uk,Female,100,$700.84
684,Lucila,Eldritt,leldrittiz@japanpost.jp,Female,26,$893.51
685,Blancha,Okey,bokeyj0@ox.ac.uk,Female,92,$267.01
686,Wolfy,Foote,wfootej1@linkedin.com,Male,7,$915.18
687,Tamera,Dorrian,tdorrianj2@virginia.edu,Female,34,$309.33
688,Jerald,Pynner,jpynnerj3@intel.com,Male,25,$837.86
689,Tawnya,Illston,tillstonj4@paypal.com,Female,59,$646.95
690,Lionel,Bambra,lbambraj5@usatoday.com,Male,48,$464.91
691,Matthiew,Petschel,mpetschelj6@linkedin.com,Male,82,$458.42
692,Fowler,De Freyne,fdefreynej7@wufoo.com,Male,78,$12.27
693,Terrel,McGuigan,tmcguiganj8@paypal.com,Male,98,$171.75
694,Nert,Ranns,nrannsj9@pen.io,Female,22,$99.18
695,Rolph,Poate,rpoateja@sciencedirect.com,Male,83,$129.82
696,Debor,Taig,dtaigjb@last.fm,Female,20,$347.96
697,Reggy,Elman,relmanjc@nih.gov,Male,92,$802.64
698,Niki,Chismon,nchismonjd@github.com,Male,87,$623.25
699,Christabel,Pitbladdo,cpitbladdoje@phoca.cz,Female,64,$913.28
700,Langston,Prier,lprierjf@uiuc.edu,Polygender,57,$660.80
701,Lorens,Sor,lsorjg@ehow.com,Male,91,$71.19
702,Aimee,Higgonet,ahiggonetjh@state.tx.us,Female,15,$822.40
703,Jinny,Jex,jjexji@blogtalkradio.com,Agender,60,$863.81
704,Evvie,Buttfield,ebuttfieldjj@biblegateway.com,Female,2,$502.37
705,Eran,McCulley,emcculleyjk@1688.com,Female,12,$163.75
706,Clay,Clemes,cclemesjl@artisteer.com,Male,25,$818.09
707,Arabela,O'Corrin,aocorrinjm@myspace.com,Female,79,$774.06
708,Birgitta,Gegay,bgegayjn@prnewswire.com,Female,90,$884.16
709,Bennie,Pavlata,bpavlatajo@bizjournals.com,Male,68,$87.96
710,Fenelia,Hares,fharesjp@ed.gov,Female,8,$652.44
711,Merill,Sillett,msillettjq@senate.gov,Male,76,$175.73
712,Wylie,Kondrat,wkondratjr@samsung.com,Male,15,$225.59
713,Julienne,Melin,jmelinjs@sohu.com,Female,79,$862.97
714,Tedra,Horsted,thorstedjt@friendfeed.com,Female,89,$708.82
715,Goldarina,Wenden,gwendenju@goo.ne.jp,Female,98,$149.44
716,Iris,Pratton,iprattonjv@intel.com,Female,72,$35.07
717,Carce,Hirthe,chirthejw@fda.gov,Male,87,$770.35
718,Norby,Wesley,nwesleyjx@360.cn,Male,94,$957.78
719,Ignazio,Capeloff,icapeloffjy@artisteer.com,Male,96,$295.12
720,Layney,Hallowes,lhallowesjz@technorati.com,Female,19,$567.97
721,Yanaton,Spellesy,yspellesyk0@paginegialle.it,Male,34,$936.73
722,Dinny,Bischoff,dbischoffk1@example.com,Female,77,$968.36
723,Hannis,Roarty,hroartyk2@cmu.edu,Female,90,$445.17
724,Mahmud,Vigus,mvigusk3@woothemes.com,Male,64,$636.22
725,Svend,Tubb,stubbk4@1688.com,Male,95,$798.79
726,Maxim,Lander,mlanderk5@lulu.com,Male,29,$766.07
727,Rollin,Bootes,rbootesk6@wordpress.org,Male,41,$125.13
728,Farrand,Savery,fsaveryk7@dropbox.com,Female,76,$847.85
729,Chrissie,Jobbins,cjobbinsk8@yellowpages.com,Male,41,$719.64
730,Ulrich,Hungerford,uhungerfordk9@bandcamp.com,Male,95,$555.18
731,Kennett,Dibdale,kdibdaleka@mozilla.com,Male,76,$358.82
732,Concettina,Lamkin,clamkinkb@instagram.com,Female,83,$494.19
733,Saloma,Halworth,shalworthkc@cafepress.com,Female,36,$664.07
734,Junina,Burchmore,jburchmorekd@amazon.co.jp,Female,46,$468.39
735,Marleah,Whitty,mwhittyke@bizjournals.com,Female,81,$534.47
736,Kayla,Hallows,khallowskf@nyu.edu,Female,63,$588.72
737,Herve,Castiblanco,hcastiblancokg@blinklist.com,Male,75,$141.85
738,Silvio,Vowles,svowleskh@seesaa.net,Male,76,$873.91
739,Atlante,Layland,alaylandki@cnet.com,Bigender,94,$197.52
740,Corabelle,Proback,cprobackkj@barnesandnoble.com,Female,66,$746.30
741,Jayme,Faulo,jfaulokk@tinyurl.com,Male,70,$459.21
742,Nettie,De Gregorio,ndegregoriokl@dyndns.org,Female,72,$545.91
743,Constantino,Suero,csuerokm@blogger.com,Male,43,$231.33
744,Mab,Doyle,mdoylekn@blogger.com,Female,49,$755.23
745,Jakie,Danshin,jdanshinko@amazonaws.com,Male,16,$373.60
746,Holly-anne,Berrington,hberringtonkp@nymag.com,Female,20,$223.05
747,Rasla,Roostan,rroostankq@vk.com,Female,90,$940.88
748,Jelene,Praton,jpratonkr@mail.ru,Female,95,$584.49
749,Ardella,Leyzell,aleyzellks@dion.ne.jp,Female,42,$795.80
750,Dore,Durdy,ddurdykt@vistaprint.com,Female,53,$822.91
751,Ody,Slide,oslideku@cbsnews.com,Male,11,$683.13
752,Tybalt,Cremin,tcreminkv@php.net,Male,88,$580.15
753,Giacomo,Edgars,gedgarskw@list-manage.com,Male,82,$173.48
754,Abagail,Delph,adelphkx@merriam-webster.com,Female,62,$396.04
755,Dell,Szanto,dszantoky@imageshack.us,Male,5,$41.47
756,Hanan,Atkin,hatkinkz@angelfire.com,Male,11,$113.19
757,Celie,Nozzolii,cnozzoliil0@nbcnews.com,Female,86,$370.66
758,Baryram,Oman,bomanl1@mozilla.org,Male,93,$893.04
759,Luella,Jovis,ljovisl2@fotki.com,Female,70,$426.58
760,Doralynn,Mapplethorpe,dmapplethorpel3@utexas.edu,Female,58,$774.70
761,Norbert,Ambrus,nambrusl4@businessweek.com,Male,55,$526.98
762,Durward,Eronie,deroniel5@google.ru,Male,81,$729.53
763,Drud,Astin,dastinl6@netvibes.com,Male,57,$12.07
764,Wilhelmine,Gamell,wgamelll7@netvibes.com,Female,51,$356.72
765,Bondon,Pauleau,bpauleaul8@loc.gov,Male,57,$107.37
766,Christabel,Malloch,cmallochl9@theatlantic.com,Female,76,$691.88
767,Harlan,Cantera,hcanterala@hexun.com,Male,75,$306.14
768,Kayle,Myerscough,kmyerscoughlb@boston.com,Female,86,$520.70
769,Alica,Dunstone,adunstonelc@studiopress.com,Female,33,$478.77
770,Melvin,Slyde,mslydeld@jugem.jp,Male,63,$832.78
771,Benny,McFadyen,bmcfadyenle@wordpress.org,Male,46,$740.21
772,Starla,Edrich,sedrichlf@artisteer.com,Female,2,$742.11
773,Neddie,Sawford,nsawfordlg@amazon.com,Male,75,$318.30
774,Tanner,Salaman,tsalamanlh@buzzfeed.com,Male,85,$451.34
775,Casey,Radbourn,cradbournli@goo.ne.jp,Non-binary,42,$9.11
776,Griffin,Miles,gmileslj@google.co.jp,Male,71,$315.10
777,Rickie,Burgon,rburgonlk@businessweek.com,Female,63,$56.18
778,Sari,Pressdee,spressdeell@about.me,Female,74,$810.99
779,Randell,Chessum,rchessumlm@cbslocal.com,Male,36,$683.26
780,Elisabetta,Euesden,eeuesdenln@addthis.com,Female,39,$679.43
781,Emmaline,Yurenin,eyureninlo@mediafire.com,Female,52,$832.07
782,Llywellyn,Lydiard,llydiardlp@seesaa.net,Male,36,$294.88
783,Kari,Cunnow,kcunnowlq@bbb.org,Female,26,$404.13
784,Berta,Gyppes,bgyppeslr@yahoo.co.jp,Female,80,$301.02
785,Temp,Schade,tschadels@aboutads.info,Male,37,$161.08
786,Franz,Bastiman,fbastimanlt@army.mil,Male,36,$685.80
787,Beulah,Cayton,bcaytonlu@histats.com,Female,18,$683.76
788,Monica,Olorenshaw,molorenshawlv@bloomberg.com,Female,96,$623.09
789,Eberto,Velten,eveltenlw@joomla.org,Male,84,$955.48
790,Whitaker,Du Plantier,wduplantierlx@odnoklassniki.ru,Male,61,$273.67
791,Pete,Danzelman,pdanzelmanly@earthlink.net,Male,45,$638.98
792,Ebony,Menezes,emenezeslz@berkeley.edu,Female,43,$775.00
793,Vincenty,Whittam,vwhittamm0@kickstarter.com,Male,45,$581.79
794,Lorant,Schindler,lschindlerm1@opensource.org,Male,87,$384.79
795,Shannan,Pyzer,spyzerm2@unblog.fr,Male,24,$78.71
796,Rhody,Dunrige,rdunrigem3@paginegialle.it,Female,77,$30.88
797,Reagen,Sarjeant,rsarjeantm4@trellian.com,Male,93,$458.28
798,Nathalie,Mummery,nmummerym5@shutterfly.com,Female,4,$87.29
799,Angelia,Paddingdon,apaddingdonm6@is.gd,Female,80,$771.16
800,Peg,Agg,paggm7@cargocollective.com,Female,73,$653.29
801,Ken,Skule,kskulem8@cyberchimps.com,Male,46,$851.15
802,Hoebart,Nizard,hnizardm9@foxnews.com,Male,33,$626.34
803,Samuel,Euston,seustonma@google.ru,Male,76,$24.39
804,Artemus,Vasilic,avasilicmb@rambler.ru,Male,76,$209.96
805,Melony,Coombe,mcoombemc@desdev.cn,Female,72,$137.97
806,Kessia,Martel,kmartelmd@friendfeed.com,Female,35,$777.45
807,Aryn,Josuweit,ajosuweitme@icq.com,Female,91,$722.19
808,Shanie,Tosney,stosneymf@amazon.de,Female,14,$583.37
809,Tawsha,Gianullo,tgianullomg@live.com,Female,34,$747.91
810,Leonora,Andrejevic,landrejevicmh@earthlink.net,Female,92,$258.42
811,Marena,Rustadge,mrustadgemi@alibaba.com,Female,11,$268.74
812,Archie,Oxborough,aoxboroughmj@uiuc.edu,Male,34,$56.57
813,Travis,Grieswood,tgrieswoodmk@businessinsider.com,Male,83,$487.85
814,Christophorus,Llewellen,cllewellenml@hugedomains.com,Male,52,$89.00
815,Bree,Harrod,bharrodmm@usa.gov,Female,2,$538.62
816,Harwilll,Ghion,hghionmn@umich.edu,Male,6,$658.71
817,Jen,Grogono,jgrogonomo@yale.edu,Female,93,$805.72
818,Tess,Gebhardt,tgebhardtmp@fc2.com,Polygender,61,$517.21
819,Gaston,Simoens,gsimoensmq@epa.gov,Agender,11,$988.35
820,Sula,Neame,sneamemr@reverbnation.com,Female,92,$485.94
821,Nealson,Stritton,nstrittonms@home.pl,Male,87,$612.57
822,Claresta,Gobourn,cgobournmt@thetimes.co.uk,Female,19,$285.83
823,Berky,Quilty,bquiltymu@ask.com,Male,83,$527.77
824,Obediah,Romney,oromneymv@illinois.edu,Male,6,$318.85
825,Mohammed,Breede,mbreedemw@netscape.com,Male,36,$208.60
826,Nari,Gellibrand,ngellibrandmx@nationalgeographic.com,Female,14,$708.86
827,Iggy,Baitson,ibaitsonmy@fc2.com,Male,87,$569.71
828,Gail,Biggam,gbiggammz@csmonitor.com,Male,48,$328.81
829,Greg,Plaunch,gplaunchn0@people.com.cn,Male,84,$44.94
830,Zahara,Frick,zfrickn1@nhs.uk,Female,73,$349.86
831,Lynett,Vezey,lvezeyn2@ask.com,Female,67,$909.32
832,Berenice,Wethered,bwetheredn3@1688.com,Female,84,$773.74
833,Rianon,Manthroppe,rmanthroppen4@wordpress.org,Female,8,$685.53
834,Kalila,Henze,khenzen5@github.io,Female,71,$610.63
835,Glenden,Moar,gmoarn6@shinystat.com,Male,69,$885.36
836,Gualterio,Ewins,gewinsn7@dailymotion.com,Male,64,$151.43
837,Smith,Gantz,sgantzn8@answers.com,Male,89,$790.34
838,Karin,Ripsher,kripshern9@smugmug.com,Female,37,$614.65
839,Ree,Threlkeld,rthrelkeldna@slate.com,Female,17,$933.41
840,Murielle,Hollingby,mhollingbynb@i2i.jp,Female,66,$50.25
841,Lari,Pittel,lpittelnc@state.gov,Female,41,$948.98
842,Geoff,Mullin,gmullinnd@house.gov,Male,16,$93.21
843,Alard,Felton,afeltonne@tripadvisor.com,Male,22,$302.69
844,Fonsie,Tilbey,ftilbeynf@ted.com,Male,33,$154.08
845,Connie,Allabush,callabushng@liveinternet.ru,Bigender,20,$805.32
846,Wheeler,Piatkow,wpiatkownh@tinypic.com,Male,99,$741.04
847,Blakelee,Rawdales,brawdalesni@mysql.com,Female,62,$256.23
848,Sena,Klimus,sklimusnj@artisteer.com,Female,73,$173.61
849,Halette,Ivantsov,hivantsovnk@geocities.com,Female,28,$217.34
850,Ainsley,Downie,adownienl@xrea.com,Female,94,$521.62
851,Delinda,Sawday,dsawdaynm@psu.edu,Female,63,$590.23
852,Tony,Hartless,thartlessnn@ehow.com,Female,56,$40.89
853,Edlin,Whitecross,ewhitecrossno@cbslocal.com,Male,45,$529.82
854,Sly,Barnwill,sbarnwillnp@foxnews.com,Male,55,$669.07
855,Rowe,McKernon,rmckernonnq@about.com,Female,12,$502.25
856,Haven,Magrannell,hmagrannellnr@deviantart.com,Male,51,$469.41
857,Giuditta,Bilbrooke,gbilbrookens@chicagotribune.com,Female,79,$777.57
858,Marget,Ashbee,mashbeent@about.me,Female,59,$10.57
859,Ermin,Mc Dermid,emcdermidnu@phoca.cz,Male,16,$675.59
860,Kincaid,Doveston,kdovestonnv@fastcompany.com,Male,85,$243.59
861,Corette,Malek,cmaleknw@networkadvertising.org,Female,75,$686.96
862,Prentice,Josefsson,pjosefssonnx@yellowpages.com,Male,79,$742.01
863,Maddie,Eddisforth,meddisforthny@tripadvisor.com,Female,96,$381.07
864,Aurie,Lyfe,alyfenz@istockphoto.com,Female,35,$560.38
865,Ariella,Gallelli,agallellio0@thetimes.co.uk,Female,7,$899.28
866,Nil,Houseago,nhouseagoo1@dagondesign.com,Male,33,$665.79
867,Maynord,Warin,mwarino2@nhs.uk,Male,2,$968.25
868,Waldo,Woolsey,wwoolseyo3@irs.gov,Male,39,$922.24
869,Donaugh,Asling,daslingo4@oracle.com,Male,17,$369.61
870,Milli,Sartain,msartaino5@vkontakte.ru,Female,18,$109.56
871,Janaye,McCullough,jmccullougho6@ftc.gov,Female,47,$929.74
872,Elana,Kayne,ekayneo7@indiatimes.com,Female,76,$763.61
873,Jilly,MacRedmond,jmacredmondo8@youtube.com,Female,1,$982.73
874,Pollyanna,Candlish,pcandlisho9@squidoo.com,Female,83,$742.73
875,Lindsy,Wilshire,lwilshireoa@paginegialle.it,Female,5,$154.31
876,Norma,Fausch,nfauschob@cnn.com,Female,79,$651.11
877,Ronni,Cauldfield,rcauldfieldoc@ocn.ne.jp,Female,26,$523.78
878,Morry,Hardaway,mhardawayod@ebay.co.uk,Male,44,$605.92
879,Karrie,Malter,kmalteroe@webeden.co.uk,Female,49,$855.75
880,Kellen,Spight,kspightof@livejournal.com,Male,22,$183.00
881,Bunnie,Penburton,bpenburtonog@china.com.cn,Female,91,$775.06
882,Kris,Damant,kdamantoh@dailymotion.com,Male,39,$379.95
883,Stephen,Kerner,skerneroi@meetup.com,Polygender,65,$314.30
884,Kinny,Broadway,kbroadwayoj@pinterest.com,Male,5,$608.39
885,Marylee,Eslie,meslieok@google.de,Female,65,$594.39
886,Belita,Isakovic,bisakovicol@parallels.com,Female,78,$895.65
887,Gaultiero,Lamberti,glambertiom@smugmug.com,Male,9,$301.67
888,Andreana,Kira,akiraon@seattletimes.com,Female,17,$173.45
889,Laurice,MacTrustram,lmactrustramoo@dailymotion.com,Female,63,$382.29
890,Felike,Casarili,fcasariliop@google.com.br,Male,58,$767.07
891,Daven,Baccup,dbaccupoq@hugedomains.com,Male,32,$333.05
892,Jon,O'Lynn,jolynnor@ning.com,Male,8,$351.56
893,Filia,Samme,fsammeos@wordpress.org,Female,20,$789.88
894,Isa,Le Pine,ilepineot@skype.com,Male,23,$903.42
895,Carlynne,Phelp,cphelpou@amazon.co.jp,Female,93,$502.12
896,Al,Pobjoy,apobjoyov@google.nl,Polygender,36,$999.87
897,Collin,Barraclough,cbarracloughow@google.it,Male,9,$963.37
898,Breanne,McFadzean,bmcfadzeanox@phpbb.com,Female,60,$606.83
899,Saidee,Craydon,scraydonoy@ustream.tv,Female,78,$972.16
900,Aubry,Dymott,adymottoz@ning.com,Female,6,$831.85
901,Bern,Raffon,braffonp0@nymag.com,Male,44,$458.76
902,Bradley,Montgomery,bmontgomeryp1@wunderground.com,Male,83,$424.91
903,Silva,Loxston,sloxstonp2@dmoz.org,Female,45,$544.81
904,Lari,Ambrogioli,lambrogiolip3@dailymail.co.uk,Female,96,$281.01
905,Row,Greenley,rgreenleyp4@instagram.com,Female,75,$987.66
906,Carroll,Brocklebank,cbrocklebankp5@biglobe.ne.jp,Male,56,$389.01
907,Mariya,Iacavone,miacavonep6@sfgate.com,Female,19,$444.98
908,Nicky,Bridgement,nbridgementp7@flavors.me,Female,92,$915.26
909,Rodger,Engeham,rengehamp8@networkadvertising.org,Male,72,$191.22
910,Sigvard,Millam,smillamp9@cbc.ca,Male,24,$254.67
911,Kessiah,Edger,kedgerpa@dropbox.com,Female,86,$422.96
912,Carmen,Dunstan,cdunstanpb@ocn.ne.jp,Female,40,$259.23
913,Fiann,Noddle,fnoddlepc@bloglovin.com,Non-binary,53,$82.43
914,Benedikta,Roalfe,broalfepd@sun.com,Female,1,$902.53
915,Towney,Hawlgarth,thawlgarthpe@themeforest.net,Male,40,$36.81
916,Che,D'Costa,cdcostapf@homestead.com,Male,94,$17.13
917,Cordy,Breyt,cbreytpg@pbs.org,Male,26,$986.18
918,Bran,Harradence,bharradenceph@topsy.com,Male,1,$130.21
919,Welbie,Bruna,wbrunapi@sourceforge.net,Male,74,$106.72
920,Ker,Turbayne,kturbaynepj@reverbnation.com,Male,68,$99.84
921,Lorinda,Clementson,lclementsonpk@cyberchimps.com,Female,35,$246.31
922,Trace,Baugh,tbaughpl@mayoclinic.com,Agender,95,$355.70
923,Kassia,Riddington,kriddingtonpm@accuweather.com,Female,49,$897.18
924,Benedicto,Turbern,bturbernpn@timesonline.co.uk,Male,10,$786.82
925,Christin,Kench,ckenchpo@sina.com.cn,Female,58,$42.84
926,Edmon,Lecordier,elecordierpp@arstechnica.com,Male,90,$291.41
927,Artemis,Blann,ablannpq@hhs.gov,Male,74,$555.22
928,Lindsay,Birnie,lbirniepr@comcast.net,Female,48,$122.76
929,Celine,Wigzell,cwigzellps@sbwire.com,Female,74,$893.66
930,Wade,Pleace,wpleacept@squidoo.com,Male,30,$238.20
931,Stephannie,Santen,ssantenpu@ebay.com,Female,92,$189.20
932,Tammie,Baumert,tbaumertpv@scientificamerican.com,Female,60,$125.81
933,Putnem,Kopta,pkoptapw@foxnews.com,Male,29,$354.15
934,Clare,Beardshaw,cbeardshawpx@va.gov,Female,90,$762.66
935,Sadie,Gillice,sgillicepy@miibeian.gov.cn,Polygender,96,$306.21
936,Kenton,Vescovo,kvescovopz@bloomberg.com,Male,30,$207.67
937,Shamus,Moulds,smouldsq0@hhs.gov,Male,51,$42.25
938,Trip,Gerrans,tgerransq1@yahoo.co.jp,Male,22,$166.88
939,Jaymie,Derobert,jderobertq2@ezinearticles.com,Male,62,$867.00
940,Constantine,Chetwind,cchetwindq3@washington.edu,Female,39,$445.18
941,Elizabet,Russi,erussiq4@cyberchimps.com,Female,60,$737.08
942,Calvin,Parren,cparrenq5@google.co.jp,Male,7,$395.03
943,Bendicty,Dik,bdikq6@de.vu,Male,1,$449.51
944,Billie,Torfin,btorfinq7@ocn.ne.jp,Male,20,$777.32
945,Yehudi,Spurdens,yspurdensq8@google.ru,Male,95,$355.66
946,Field,Jancar,fjancarq9@de.vu,Male,26,$55.37
947,Esme,Babbs,ebabbsqa@plala.or.jp,Male,36,$982.63
948,Frayda,Mansell,fmansellqb@hubpages.com,Female,65,$945.57
949,Georgine,Rosenbaum,grosenbaumqc@miitbeian.gov.cn,Female,43,$910.46
950,Joanna,Ballendine,jballendineqd@hexun.com,Female,73,$524.72
951,Wilbur,Dunstone,wdunstoneqe@squidoo.com,Male,4,$76.83
952,Bale,Sail,bsailqf@microsoft.com,Male,87,$978.75
953,Jaquith,Gamlin,jgamlinqg@yandex.ru,Female,97,$969.20
954,Othella,De Bernardi,odebernardiqh@360.cn,Non-binary,24,$660.45
955,Virgie,Dorkin,vdorkinqi@people.com.cn,Male,7,$18.78
956,Sandro,Alves,salvesqj@freewebs.com,Male,1,$601.13
957,Jerome,Strettle,jstrettleqk@whitehouse.gov,Male,34,$474.89
958,Gayle,Heiden,gheidenql@theatlantic.com,Agender,34,$78.27
959,Lorant,Gauntley,lgauntleyqm@constantcontact.com,Male,69,$442.19
960,Chicky,Suero,csueroqn@wufoo.com,Male,36,$505.07
961,Emilie,Bosson,ebossonqo@statcounter.com,Female,26,$854.32
962,Evered,Warbey,ewarbeyqp@cpanel.net,Genderqueer,87,$123.82
963,Fin,Henrie,fhenrieqq@xing.com,Genderfluid,92,$461.87
964,Burnard,De Clairmont,bdeclairmontqr@squarespace.com,Male,94,$892.17
965,Linnie,Tacey,ltaceyqs@answers.com,Female,50,$876.13
966,Talyah,Lawty,tlawtyqt@usa.gov,Female,66,$465.81
967,Shela,O'Dreain,sodreainqu@goodreads.com,Female,85,$416.47
968,Tedda,Rentoll,trentollqv@umn.edu,Female,62,$112.82
969,Wilbert,Grissett,wgrissettqw@qq.com,Male,78,$891.78
970,Thia,Grindrod,tgrindrodqx@vimeo.com,Female,91,$293.47
971,Arty,Langston,alangstonqy@gravatar.com,Male,28,$379.92
972,Miguelita,Golton,mgoltonqz@dot.gov,Female,65,$111.75
973,Christyna,Alvis,calvisr0@multiply.com,Bigender,32,$43.90
974,Benjy,Clothier,bclothierr1@biblegateway.com,Male,72,$479.69
975,Lynne,Cottam,lcottamr2@smugmug.com,Female,73,$429.74
976,Kelci,Overshott,kovershottr3@etsy.com,Female,50,$952.51
977,Loria,Coxhead,lcoxheadr4@mayoclinic.com,Female,65,$406.58
978,Jsandye,Filimore,jfilimorer5@archive.org,Female,54,$669.64
979,Efren,Pietrowicz,epietrowiczr6@hibu.com,Male,42,$77.50
980,Udell,Burden,uburdenr7@nature.com,Male,43,$324.49
981,Anette,Armal,aarmalr8@typepad.com,Female,31,$672.64
982,Tracie,Joselin,tjoselinr9@biglobe.ne.jp,Female,33,$904.74
983,Clea,Capelle,ccapellera@patch.com,Female,95,$848.26
984,Allix,Presslee,apressleerb@narod.ru,Female,11,$910.11
985,Duffy,Coldtart,dcoldtartrc@engadget.com,Male,94,$963.43
986,Brandtr,Cheel,bcheelrd@sfgate.com,Male,26,$219.76
987,Ingmar,Liddington,iliddingtonre@bbc.co.uk,Male,38,$714.13
988,Gabi,Northway,gnorthwayrf@boston.com,Male,31,$492.75
989,Davida,Lindbergh,dlindberghrg@jiathis.com,Female,44,$339.13
990,Kermie,Spere,kspererh@salon.com,Agender,89,$10.74
991,Vance,Sturge,vsturgeri@ning.com,Male,57,$464.37
992,Brock,Meric,bmericrj@sogou.com,Bigender,83,$777.28
993,Laurence,Debnam,ldebnamrk@biblegateway.com,Male,29,$442.03
994,Becki,Vernay,bvernayrl@hexun.com,Female,88,$58.32
995,Mercy,Longfut,mlongfutrm@qq.com,Female,45,$220.42
996,Felic,Posse,fpossern@yahoo.com,Male,51,$124.41
997,Ginevra,Boutellier,gboutellierro@msu.edu,Female,1,$524.66
998,Danyelle,Vaggers,dvaggersrp@issuu.com,Female,83,$31.63
999,Udale,Dumsday,udumsdayrq@jalbum.net,Male,87,$15.08
1000,Gabrielle,Jacobowits,gjacobowitsrr@digg.com,Female,38,$577.44
