,first_name,last_name,email,address
0,John,Doe,johndoe@fake.com,"1 Red St, 10001 NY"
1,Maria,Baker,maria@fake.com,na
2,sandy,cheeks,sandy2fake.com,1st Bottom Ave
3,spongebob,rectangularpants@fake.com,rectangularpants@fake.com,2nd Krusty Ave
4,Mr ,Krabs,krabsmaganji@gmail.com,1st Madooh Ave
